frame,sim_time,current_vel,desired_vel
0,0.000000,0.000000,0.000000
1,0.080000,0.760988,0.500000
2,0.160000,0.924919,0.500000
3,0.240000,1.572121,0.500000
4,0.320000,2.319291,0.500000
5,0.400000,2.528946,0.500000
6,0.480001,2.850811,0.500000
7,0.560000,2.761702,0.511022
8,0.639999,2.265296,0.511022
9,0.719998,1.705604,0.511022
10,0.799997,1.746981,0.511022
11,0.879996,1.942415,0.511022
12,0.959995,1.460142,0.511022
13,1.039994,1.239250,0.522044
14,1.119993,1.167301,0.522044
15,1.199992,1.323610,0.522044
16,1.279991,1.033138,0.522044
17,1.359990,0.796872,0.522044
18,1.439989,0.904536,0.522044
19,1.519988,0.851708,0.533066
20,1.599987,1.056552,0.533066
21,1.679986,1.072573,0.533066
22,1.759984,1.071905,0.533066
23,1.839983,1.017775,0.533066
24,1.919982,1.117569,0.533066
25,1.999981,1.238950,0.533066
26,2.079985,1.185467,0.544088
27,2.159989,1.139653,0.544088
28,2.239993,1.396847,0.544088
29,2.319996,1.355186,0.544088
30,2.400000,1.221374,0.544088
31,2.480004,1.376040,0.544088
32,2.560008,1.269061,0.555110
33,2.640011,1.152843,0.555110
34,2.720015,1.356075,0.555110
35,2.800019,1.239066,0.555110
36,2.880023,1.164551,0.555110
37,2.960026,1.346768,0.555110
38,3.040030,1.200770,0.566132
39,3.120034,1.112260,0.566132
40,3.200037,1.364846,0.566132
41,3.280041,1.265093,0.566132
42,3.360045,1.228358,0.566132
43,3.440049,1.365277,0.566132
44,3.520052,1.226822,0.577154
45,3.600056,1.176623,0.577154
46,3.680060,1.291242,0.577154
47,3.760064,1.277925,0.577154
48,3.840067,1.331561,0.577154
49,3.920071,1.281688,0.577154
50,4.000075,1.274187,0.577154
51,4.080069,1.205470,0.588176
52,4.160063,1.184970,0.588176
53,4.240057,1.351022,0.588176
54,4.320052,1.387156,0.588176
55,4.400046,1.235438,0.588176
56,4.480040,1.353863,0.588176
57,4.560034,1.224200,0.599198
58,4.640028,1.128440,0.599198
59,4.720023,1.383260,0.599198
60,4.800017,1.393689,0.599198
61,4.880011,1.303470,0.599198
62,4.960005,1.397709,0.599198
63,5.039999,1.226365,0.610220
64,5.119994,1.113838,0.610220
65,5.199988,1.374630,0.610220
66,5.279982,1.377791,0.610220
67,5.359976,1.347928,0.610220
68,5.439970,1.426725,0.610220
69,5.519965,1.240815,0.621243
70,5.599959,1.134686,0.621243
71,5.679953,1.235548,0.621243
72,5.759947,1.199608,0.621243
73,5.839942,1.229579,0.621243
74,5.919936,1.156867,0.621243
75,5.999930,1.173182,0.621243
76,6.079924,1.151231,0.632265
77,6.159918,1.069886,0.632265
78,6.239913,1.184042,0.632265
79,6.319907,1.156097,0.632265
80,6.399901,1.041652,0.632265
81,6.479895,1.240029,0.632265
82,6.559889,1.121230,0.643287
83,6.639884,1.029168,0.643287
84,6.719878,1.181426,0.643287
85,6.799872,1.046054,0.643287
86,6.879866,0.971353,0.643287
87,6.959860,1.218820,0.643287
88,7.039855,1.089452,0.654309
89,7.119849,1.040352,0.654309
90,7.199843,1.283247,0.654309
91,7.279837,1.151511,0.654309
92,7.359831,1.156769,0.654309
93,7.439826,1.296229,0.654309
94,7.519820,1.091798,0.665331
95,7.599814,1.091708,0.665331
96,7.679808,1.179820,0.665331
97,7.759802,1.167346,0.665331
98,0.050000,0.722481,0.665331
99,0.130000,0.937709,0.665331
100,0.210000,1.248771,0.665331
101,0.290000,1.967404,0.676353
102,0.370000,1.778297,0.676353
103,0.450001,1.692423,0.676353
104,0.530000,1.807157,0.676353
105,0.609999,1.546416,0.676353
106,0.689998,1.355066,0.676353
107,0.769997,1.430155,0.687375
108,0.849996,1.309745,0.687375
109,0.929995,1.178026,0.687375
110,1.009994,1.277729,0.687375
111,1.089993,1.229165,0.687375
112,1.169992,1.230539,0.687375
113,1.249991,1.247517,0.698397
114,1.329990,1.477999,0.698397
115,1.409989,1.400547,0.698397
116,1.489988,1.331903,0.698397
117,1.569987,1.610943,0.698397
118,1.649986,1.493852,0.698397
119,1.729985,1.391872,0.709419
120,1.809984,1.588004,0.709419
121,1.889983,1.409767,0.709419
122,1.969982,1.323910,0.709419
123,2.049984,1.570439,0.709419
124,2.129987,1.409865,0.709419
125,2.209991,1.303752,0.709419
126,2.289995,1.579460,0.720441
127,2.369999,1.439708,0.720441
128,2.450002,1.373945,0.720441
129,2.530006,1.602561,0.720441
130,2.610010,1.492342,0.720441
131,2.690014,1.400899,0.720441
132,2.770017,1.529199,0.731463
133,2.850021,1.398504,0.731463
134,2.930025,1.351313,0.731463
135,3.010029,1.417963,0.731463
136,3.090032,1.375652,0.731463
137,3.170036,1.364619,0.731463
138,3.250040,1.343840,0.742485
139,3.330044,1.509326,0.742485
140,3.410047,1.473311,0.742485
141,3.490051,1.389245,0.742485
142,3.570055,1.625962,0.742485
143,3.650059,1.505026,0.742485
144,3.730062,1.400361,0.753507
145,3.810066,1.620562,0.753507
146,3.890070,1.469740,0.753507
147,3.970073,1.401128,0.753507
148,4.050071,1.567278,0.753507
149,4.130065,1.392128,0.753507
150,4.210060,1.296355,0.753507
151,4.290054,1.562000,0.764529
152,4.370048,1.390065,0.764529
153,4.450042,1.370775,0.764529
154,4.530036,1.561893,0.764529
155,4.610031,1.419191,0.764529
156,4.690025,1.408896,0.764529
157,4.770019,1.534337,0.775551
158,4.850013,1.472620,0.775551
159,4.930007,1.445602,0.775551
160,5.010002,1.483442,0.775551
161,5.089996,1.506630,0.775551
162,5.169990,1.497809,0.775551
163,5.249984,1.437066,0.786573
164,5.329978,1.481797,0.786573
165,5.409973,1.410024,0.786573
166,5.489967,1.314988,0.786573
167,5.569961,1.487357,0.786573
168,5.649955,1.392097,0.786573
169,5.729949,1.326876,0.797595
170,5.809944,1.584731,0.797595
171,5.889938,1.412006,0.797595
172,5.969932,1.335157,0.797595
173,6.049926,1.557922,0.797595
174,6.129920,1.461284,0.797595
175,6.209915,1.381496,0.797595
176,6.289909,1.583911,0.808617
177,6.369903,1.379402,0.808617
178,6.449897,1.309820,0.808617
179,6.529891,1.510345,0.808617
180,6.609886,1.368996,0.808617
181,6.689880,1.383436,0.808617
182,6.769874,1.474609,0.819639
183,6.849868,1.347010,0.819639
184,6.929862,1.352635,0.819639
185,7.009857,1.389528,0.819639
186,7.089851,1.425330,0.819639
187,7.169845,1.461638,0.819639
188,7.249839,1.390629,0.830661
189,7.329834,1.472764,0.830661
190,7.409828,1.440815,0.830661
191,7.489822,1.349377,0.830661
192,7.569816,1.508349,0.830661
193,0.020000,0.857177,0.830661
194,0.100000,0.922630,0.841683
195,0.180000,1.312400,0.841683
196,0.260000,1.168446,0.841683
197,0.340000,1.207362,0.841683
198,0.420000,1.477582,0.841683
199,0.500001,1.377994,0.841683
200,0.580000,1.348778,0.841683
201,0.659999,1.504339,0.852705
202,0.739998,1.564023,0.852705
203,0.819997,1.507604,0.852705
204,0.899996,1.543206,0.852705
205,0.979994,1.647593,0.852705
206,1.059994,1.552533,0.852705
207,1.139992,1.539050,0.863727
208,1.219991,1.685894,0.863727
209,1.299990,1.525645,0.863727
210,1.379989,1.483011,0.863727
211,1.459988,1.720331,0.863727
212,1.539987,1.544500,0.863727
213,1.619986,1.449926,0.874749
214,1.699985,1.722380,0.874749
215,1.779984,1.555618,0.874749
216,1.859983,1.479308,0.874749
217,1.939982,1.715348,0.874749
218,2.019982,1.551896,0.874749
219,2.099986,1.471349,0.885772
220,2.179990,1.723157,0.885772
221,2.259994,1.569348,0.885772
222,2.339997,1.514482,0.885772
223,2.420001,1.711394,0.885772
224,2.500005,1.590157,0.885772
225,2.580009,1.548836,0.885772
226,2.660012,1.652560,0.896794
227,2.740016,1.558773,0.896794
228,2.820020,1.522442,0.896794
229,2.900023,1.568143,0.896794
230,2.980027,1.629816,0.896794
231,3.060031,1.562729,0.896794
232,3.140035,1.531299,0.907816
233,3.220038,1.702688,0.907816
234,3.300042,1.571417,0.907816
235,3.380046,1.507331,0.907816
236,3.460050,1.758483,0.907816
237,3.540053,1.580979,0.907816
238,3.620057,1.497884,0.918838
239,3.700061,1.743606,0.918838
240,3.780065,1.551816,0.918838
241,3.860068,1.469247,0.918838
242,3.940072,1.729766,0.918838
243,4.020073,1.586032,0.918838
244,4.100068,1.542473,0.929860
245,4.180062,1.751297,0.929860
246,4.260056,1.554217,0.929860
247,4.340050,1.511299,0.929860
248,4.420044,1.707745,0.929860
249,4.500039,1.590048,0.929860
250,4.580033,1.588667,0.929860
251,4.660027,1.671939,0.940882
252,4.740021,1.575974,0.940882
253,4.820015,1.534306,0.940882
254,4.900010,1.574474,0.940882
255,4.980004,1.663716,0.940882
256,5.059998,1.555643,0.940882
257,5.139992,1.537256,0.951904
258,5.219986,1.710091,0.951904
259,5.299981,1.559566,0.951904
260,5.379975,1.493223,0.951904
261,5.459969,1.756734,0.951904
262,5.539963,1.591876,0.951904
263,5.619957,1.521554,0.962926
264,5.699952,1.781847,0.962926
265,5.779946,1.578919,0.962926
266,5.859940,1.499239,0.962926
267,5.939934,1.744770,0.962926
268,6.019928,1.592178,0.962926
269,6.099923,1.545185,0.973948
270,6.179917,1.769296,0.973948
271,6.259911,1.591354,0.973948
272,6.339905,1.550117,0.973948
273,6.419899,1.740615,0.973948
274,6.499894,1.630074,0.973948
275,6.579888,1.578797,0.973948
276,6.659882,1.684186,0.984970
277,6.739876,1.639557,0.984970
278,6.819870,1.564684,0.984970
279,6.899865,1.605159,0.984970
280,6.979859,1.639279,0.984970
281,7.059853,1.596117,0.984970
282,7.139847,1.556548,0.995992
283,7.219841,1.731499,0.995992
284,7.299836,1.593475,0.995992
285,7.379830,1.538564,0.995992
286,7.459824,1.773727,0.995992
287,0.020000,0.829648,0.995992
288,0.100000,0.920252,1.007014
289,0.180000,1.315604,1.007014
290,0.260000,1.177678,1.007014
291,0.340000,1.242175,1.007014
292,0.420000,1.571215,1.007014
293,0.500001,1.438389,1.007014
294,0.580000,1.456331,1.018036
295,0.659999,1.607125,1.018036
296,0.739998,1.625253,1.018036
297,0.819997,1.677460,1.018036
298,0.899996,1.711393,1.018036
299,0.979994,1.758051,1.018036
300,1.059994,1.613537,1.018036
301,1.139992,1.638355,1.029058
302,1.219991,1.795953,1.029058
303,1.299990,1.634557,1.029058
304,1.379989,1.597858,1.029058
305,1.459988,1.821746,1.029058
306,1.539987,1.632620,1.029058
307,1.619986,1.556046,1.040080
308,1.699985,1.813141,1.040080
309,1.779984,1.622612,1.040080
310,1.859983,1.556128,1.040080
311,1.939982,1.814533,1.040080
312,2.019982,1.654286,1.040080
313,2.099986,1.568059,1.051102
314,2.179990,1.829434,1.051102
315,2.259994,1.677855,1.051102
316,2.339997,1.620104,1.051102
317,2.420001,1.829173,1.051102
318,2.500005,1.682285,1.051102
319,2.580009,1.612164,1.062124
320,2.660012,1.745607,1.062124
321,2.740016,1.676130,1.062124
322,2.820020,1.617898,1.062124
323,2.900023,1.673892,1.062124
324,2.980027,1.719105,1.062124
325,3.060031,1.657602,1.062124
326,3.140035,1.643768,1.073146
327,3.220038,1.797496,1.073146
328,3.300042,1.650299,1.073146
329,3.380046,1.624972,1.073146
330,3.460050,1.874066,1.073146
331,3.540053,1.696814,1.073146
332,3.620057,1.619068,1.084168
333,3.700061,1.870901,1.084168
334,3.780065,1.664883,1.084168
335,3.860068,1.580444,1.084168
336,3.940072,1.809012,1.084168
337,4.020073,1.640437,1.084168
338,4.100068,1.540986,1.095190
339,4.180062,1.803821,1.095190
340,4.260056,1.629076,1.095190
341,4.340050,1.604898,1.095190
342,4.420044,1.818313,1.095190
343,4.500039,1.683001,1.095190
344,4.580033,1.666614,1.106212
345,4.660027,1.784646,1.106212
346,4.740021,1.702344,1.106212
347,4.820015,1.693908,1.106212
348,4.900010,1.741882,1.106212
349,4.980004,1.789263,1.106212
350,5.059998,1.720522,1.106212
351,5.139992,1.695546,1.117234
352,5.219986,1.829930,1.117234
353,5.299981,1.704310,1.117234
354,5.379975,1.650504,1.117234
355,5.459969,1.879587,1.117234
356,5.539963,1.718096,1.117234
357,5.619957,1.665496,1.128257
358,5.699952,1.910222,1.128257
359,5.779946,1.704173,1.128257
360,5.859940,1.634487,1.128257
361,5.939934,1.876727,1.128257
362,6.019928,1.709948,1.128257
363,6.099923,1.671857,1.139279
364,6.179917,1.908574,1.139279
365,6.259911,1.712365,1.139279
366,6.339905,1.684137,1.139279
367,6.419899,1.879064,1.139279
368,6.499894,1.730603,1.139279
369,6.579888,1.709720,1.150301
370,6.659882,1.824671,1.150301
371,6.739876,1.745610,1.150301
372,6.819870,1.736338,1.150301
373,6.899865,1.769682,1.150301
374,6.979859,1.814560,1.150301
375,7.059853,1.758114,1.150301
376,7.139847,1.732357,1.161323
377,7.219841,1.874433,1.161323
378,7.299836,1.763652,1.161323
379,7.379830,1.679731,1.161323
380,7.459824,1.925705,1.161323
381,0.020000,0.829793,1.161323
382,0.100000,0.903519,1.172345
383,0.180000,1.332318,1.172345
384,0.260000,1.207422,1.172345
385,0.340000,1.288294,1.172345
386,0.420000,1.649680,1.172345
387,0.500001,1.559096,1.172345
388,0.580000,1.562592,1.183367
389,0.659999,1.715782,1.183367
390,0.739998,1.770411,1.183367
391,0.819997,1.785639,1.183367
392,0.899996,1.860687,1.183367
393,0.979994,1.823786,1.183367
394,1.059994,1.697331,1.194389
395,1.139992,1.711363,1.194389
396,1.219991,1.846632,1.194389
397,1.299990,1.752808,1.194389
398,1.379989,1.687948,1.194389
399,1.459988,1.912150,1.194389
400,1.539987,1.738653,1.194389
401,1.619986,1.676450,1.205411
402,1.699985,1.959465,1.205411
403,1.779984,1.792947,1.205411
404,1.859983,1.713128,1.205411
405,1.939982,1.912294,1.205411
406,2.019982,1.732437,1.205411
407,2.099986,1.633057,1.216433
408,2.179990,1.891532,1.216433
409,2.259994,1.697652,1.216433
410,2.339997,1.678767,1.216433
411,2.420001,1.898655,1.216433
412,2.500005,1.753299,1.216433
413,2.580009,1.731988,1.227455
414,2.660012,1.855851,1.227455
415,2.740016,1.767568,1.227455
416,2.820020,1.754527,1.227455
417,2.900023,1.808178,1.227455
418,2.980027,1.873312,1.227455
419,3.060031,1.787953,1.238477
420,3.140035,1.784774,1.238477
421,3.220038,1.895978,1.238477
422,3.300042,1.755661,1.238477
423,3.380046,1.719393,1.238477
424,3.460050,1.951873,1.238477
425,3.540053,1.772684,1.238477
426,3.620057,1.711150,1.249499
427,3.700061,1.967878,1.249499
428,3.780065,1.762700,1.249499
429,3.860068,1.701167,1.249499
430,3.940072,1.955718,1.249499
431,4.020073,1.791972,1.249499
432,4.100068,1.729079,1.260521
433,4.180062,1.969774,1.260521
434,4.260056,1.773818,1.260521
435,4.340050,1.729123,1.260521
436,4.420044,1.939335,1.260521
437,4.500039,1.777333,1.260521
438,4.580033,1.750673,1.271543
439,4.660027,1.881703,1.271543
440,4.740021,1.785917,1.271543
441,4.820015,1.771244,1.271543
442,4.900010,1.822778,1.271543
443,4.980004,1.866825,1.271543
444,5.059998,1.778751,1.282565
445,5.139992,1.784275,1.282565
446,5.219986,1.939047,1.282565
447,5.299981,1.855194,1.282565
448,5.379975,1.783524,1.282565
449,5.459969,1.994269,1.282565
450,5.539963,1.808144,1.282565
451,5.619957,1.740056,1.293587
452,5.699952,2.008736,1.293587
453,5.779946,1.806340,1.293587
454,5.859940,1.761870,1.293587
455,5.939934,2.008028,1.293587
456,6.019928,1.814171,1.293587
457,6.099923,1.757458,1.304609
458,6.179917,2.010136,1.304609
459,6.259911,1.808702,1.304609
460,6.339905,1.762587,1.304609
461,6.419899,1.962752,1.304609
462,6.499894,1.816989,1.304609
463,6.579888,1.780927,1.315631
464,6.659882,1.912371,1.315631
465,6.739876,1.823990,1.315631
466,6.819870,1.805254,1.315631
467,6.899865,1.842767,1.315631
468,6.979859,1.898772,1.315631
469,7.059853,1.820368,1.326653
470,7.139847,1.815674,1.326653
471,7.219841,1.955388,1.326653
472,7.299836,1.823534,1.326653
473,7.379830,1.760128,1.326653
474,7.459824,2.013536,1.326653
475,0.020000,0.829677,1.326653
476,0.100000,0.920593,1.337675
477,0.180000,1.356683,1.337675
478,0.260000,1.231849,1.337675
479,0.340000,1.343165,1.337675
480,0.420000,1.739169,1.337675
481,0.500001,1.550542,1.337675
482,0.580000,1.622405,1.348697
483,0.659999,1.810613,1.348697
484,0.739998,1.743394,1.348697
485,0.819997,1.755790,1.348697
486,0.899996,1.800780,1.348697
487,0.979994,1.903313,1.348697
488,1.059994,1.826818,1.359720
489,1.139992,1.815435,1.359720
490,1.219991,1.980364,1.359720
491,1.299990,1.827140,1.359720
492,1.379989,1.804321,1.359720
493,1.459988,2.057499,1.359720
494,1.539987,1.867070,1.370741
495,1.619986,1.801664,1.370741
496,1.699985,2.069827,1.370741
497,1.779984,1.846736,1.370741
498,1.859983,1.781725,1.370741
499,1.939982,2.041189,1.370741
500,2.019982,1.841508,1.370741
501,2.099986,1.801073,1.381764
502,2.179990,2.062846,1.381764
503,2.259994,1.865989,1.381764
504,2.339997,1.841331,1.381764
505,2.420001,2.053135,1.381764
506,2.500005,1.881001,1.381764
507,2.580009,1.836004,1.392786
508,2.660012,1.980501,1.392786
509,2.740016,1.910288,1.392786
510,2.820020,1.862768,1.392786
511,2.900023,1.925767,1.392786
512,2.980027,1.944604,1.392786
513,3.060031,1.870969,1.403808
514,3.140035,1.864859,1.403808
515,3.220038,2.005499,1.403808
516,3.300042,1.853220,1.403808
517,3.380046,1.826088,1.403808
518,3.460050,2.068066,1.403808
519,3.540053,1.868337,1.414830
520,3.620057,1.823814,1.414830
521,3.700061,2.091443,1.414830
522,3.780065,1.861937,1.414830
523,3.860068,1.809227,1.414830
524,3.940072,2.077163,1.414830
525,4.020073,1.887008,1.414830
526,4.100068,1.860001,1.425852
527,4.180062,2.107264,1.425852
528,4.260056,1.903247,1.425852
529,4.340050,1.811996,1.425852
530,4.420044,2.032175,1.425852
531,4.500039,1.860857,1.425852
532,4.580033,1.813417,1.436874
533,4.660027,1.951842,1.436874
534,4.740021,1.868896,1.436874
535,4.820015,1.844763,1.436874
536,4.900010,1.891230,1.436874
537,4.980004,1.952142,1.436874
538,5.059998,1.916170,1.447896
539,5.139992,1.901618,1.447896
540,5.219986,2.041023,1.447896
541,5.299981,1.929324,1.447896
542,5.379975,1.856498,1.447896
543,5.459969,2.102891,1.447896
544,5.539963,1.889350,1.458918
545,5.619957,1.840451,1.458918
546,5.699952,2.121244,1.458918
547,5.779946,1.873016,1.458918
548,5.859940,1.829878,1.458918
549,5.939934,2.082834,1.458918
550,6.019928,1.880014,1.458918
551,6.099923,1.817267,1.469940
552,6.179917,2.074391,1.469940
553,6.259911,1.875032,1.469940
554,6.339905,1.874592,1.469940
555,6.419899,2.073473,1.469940
556,6.499894,1.939546,1.469940
557,6.579888,1.858971,1.480962
558,6.659882,2.002780,1.480962
559,6.739876,1.936221,1.480962
560,6.819870,1.876953,1.480962
561,6.899865,1.920780,1.480962
562,6.979859,1.950085,1.480962
563,7.059853,1.887298,1.491984
564,7.139847,1.881392,1.491984
565,7.219841,2.047693,1.491984
566,7.299836,1.912200,1.491984
567,7.379830,1.865917,1.491984
568,7.459824,2.124295,1.491984
569,0.020000,0.801248,1.503006
570,0.100000,0.908181,1.503006
571,0.180000,1.336295,1.503006
572,0.260000,1.291890,1.503006
573,0.340000,1.493094,1.503006
574,0.420000,1.827191,1.503006
575,0.500001,1.711743,1.503006
576,0.580000,1.773948,1.514028
577,0.659999,1.918313,1.514028
578,0.739998,1.919144,1.514028
579,0.819997,1.916290,1.514028
580,0.899996,1.944980,1.514028
581,0.979994,2.046865,1.514028
582,1.059994,1.881308,1.525050
583,1.139992,1.901318,1.525050
584,1.219991,2.105387,1.525050
585,1.299990,1.859846,1.525050
586,1.379989,1.852497,1.525050
587,1.459988,2.103251,1.525050
588,1.539987,1.881613,1.536072
589,1.619986,1.834899,1.536072
590,1.699985,2.097131,1.536072
591,1.779984,1.891591,1.536072
592,1.859983,1.856197,1.536072
593,1.939982,2.123047,1.536072
594,2.019982,1.913655,1.547094
595,2.099986,1.865295,1.547094
596,2.179990,2.123527,1.547094
597,2.259994,1.934133,1.547094
598,2.339997,1.901023,1.547094
599,2.420001,2.089453,1.547094
600,2.500005,1.981319,1.547094
601,2.580009,1.890763,1.558116
602,2.660012,2.032408,1.558116
603,2.740016,1.995241,1.558116
604,2.820020,1.889364,1.558116
605,2.900023,1.939116,1.558116
606,2.980027,2.036508,1.558116
607,3.060031,1.899294,1.569138
608,3.140035,1.914822,1.569138
609,3.220038,2.107715,1.569138
610,3.300042,1.919570,1.569138
611,3.380046,1.890261,1.569138
612,3.460050,2.161266,1.569138
613,3.540053,1.928783,1.580160
614,3.620057,1.876597,1.580160
615,3.700061,2.172050,1.580160
616,3.780065,1.940353,1.580160
617,3.860068,1.887292,1.580160
618,3.940072,2.163903,1.580160
619,4.020073,1.960947,1.591182
620,4.100068,1.887679,1.591182
621,4.180062,2.156386,1.591182
622,4.260056,1.960083,1.591182
623,4.340050,1.905547,1.591182
624,4.420044,2.108166,1.591182
625,4.500039,2.015340,1.591182
626,4.580033,1.947677,1.602204
627,4.660027,2.074049,1.602204
628,4.740021,2.051361,1.602204
629,4.820015,1.921259,1.602204
630,4.900010,1.985799,1.602204
631,4.980004,2.071959,1.602204
632,5.059998,1.942479,1.613226
633,5.139992,1.953097,1.613226
634,5.219986,2.121405,1.613226
635,5.299981,1.968969,1.613226
636,5.379975,1.915899,1.613226
637,5.459969,2.193135,1.613226
638,5.539963,1.960352,1.624249
639,5.619957,1.934606,1.624249
640,5.699952,2.198742,1.624249
641,5.779946,1.975975,1.624249
642,5.859940,1.914722,1.624249
643,5.939934,2.202888,1.624249
644,6.019928,1.991574,1.635270
645,6.099923,1.939520,1.635270
646,6.179917,2.203971,1.635270
647,6.259911,2.006675,1.635270
648,6.339905,1.945440,1.635270
649,6.419899,2.151081,1.635270
650,6.499894,2.038837,1.635270
651,6.579888,1.955360,1.646293
652,6.659882,2.071133,1.646293
653,6.739876,2.058837,1.646293
654,6.819870,1.976067,1.646293
655,6.899865,2.003695,1.646293
656,6.979859,2.123655,1.646293
657,7.059853,1.991894,1.657315
658,7.139847,1.998440,1.657315
659,7.219841,2.208722,1.657315
660,7.299836,2.007061,1.657315
661,7.379830,1.973497,1.657315
662,7.459824,2.254316,1.657315
663,0.020000,0.824062,1.668337
664,0.100000,0.872902,1.668337
665,0.180000,1.018732,1.668337
666,0.260000,1.913736,1.668337
667,0.340000,2.414935,1.668337
668,0.420000,2.562766,1.668337
669,0.500001,2.830125,1.679359
670,0.580000,2.814494,1.679359
671,0.659999,2.430782,1.679359
672,0.739998,2.262552,1.679359
673,0.819997,2.311556,1.679359
674,0.899996,2.084293,1.679359
675,0.979994,2.054555,1.679359
676,1.059994,2.259804,1.690381
677,1.139992,1.955913,1.690381
678,1.219991,1.949437,1.690381
679,1.299990,2.190089,1.690381
680,1.379989,2.019008,1.690381
681,1.459988,1.986158,1.690381
682,1.539987,2.146296,1.701403
683,1.619986,2.062722,1.701403
684,1.699985,2.022661,1.701403
685,1.779984,2.096495,1.701403
686,1.859983,2.132387,1.701403
687,1.939982,2.011304,1.701403
688,2.019982,2.041831,1.712425
689,2.099986,2.191658,1.712425
690,2.179990,2.028124,1.712425
691,2.259994,2.007613,1.712425
692,2.339997,2.242456,1.712425
693,2.420001,2.003417,1.712425
694,2.500005,1.992635,1.723447
695,2.580009,2.270381,1.723447
696,2.660012,2.028402,1.723447
697,2.740016,1.973212,1.723447
698,2.820020,2.236555,1.723447
699,2.900023,2.017929,1.723447
700,2.980027,2.000614,1.723447
701,3.060031,2.259417,1.734469
702,3.140035,2.036515,1.734469
703,3.220038,2.019651,1.734469
704,3.300042,2.248621,1.734469
705,3.380046,2.071681,1.734469
706,3.460050,2.026963,1.734469
707,3.540053,2.180789,1.745491
708,3.620057,2.097045,1.745491
709,3.700061,2.025488,1.745491
710,3.780065,2.101616,1.745491
711,3.860068,2.160253,1.745491
712,3.940072,2.032466,1.745491
713,4.020073,2.075240,1.756513
714,4.100068,2.207533,1.756513
715,4.180062,2.045223,1.756513
716,4.260056,2.025444,1.756513
717,4.340050,2.262128,1.756513
718,4.420044,2.040970,1.756513
719,4.500039,2.025537,1.767535
720,4.580033,2.302697,1.767535
721,4.660027,2.050646,1.767535
722,4.740021,2.006487,1.767535
723,4.820015,2.275462,1.767535
724,4.900010,2.055374,1.767535
725,4.980004,2.023936,1.767535
726,5.059998,2.288192,1.778557
727,5.139992,2.067351,1.778557
728,5.219986,2.058517,1.778557
729,5.299981,2.284200,1.778557
730,5.379975,2.108088,1.778557
731,5.459969,2.079110,1.778557
732,5.539963,2.229067,1.789579
733,5.619957,2.135507,1.789579
734,5.699952,2.085568,1.789579
735,5.779946,2.153041,1.789579
736,5.859940,2.188318,1.789579
737,5.939934,2.070218,1.789579
738,6.019928,2.112227,1.800601
739,6.099923,2.247171,1.800601
740,6.179917,2.078228,1.800601
741,6.259911,2.056409,1.800601
742,6.339905,2.296921,1.800601
743,6.419899,2.081007,1.800601
744,6.499894,2.058538,1.811623
745,6.579888,2.338651,1.811623
746,6.659882,2.076173,1.811623
747,6.739876,2.050025,1.811623
748,6.819870,2.328560,1.811623
749,6.899865,2.096283,1.811623
750,6.979859,2.043256,1.811623
751,7.059853,2.323104,1.822645
752,7.139847,2.098266,1.822645
753,7.219841,2.078050,1.822645
754,7.299836,2.305522,1.822645
755,7.379830,2.141041,1.822645
756,7.459824,2.077588,1.822645
757,7.539818,2.233262,1.833667
758,7.619812,2.161473,1.833667
759,0.050000,0.732529,1.833667
760,0.130000,0.909366,1.833667
761,0.210000,1.231435,1.833667
762,0.290000,2.209873,1.833667
763,0.370000,2.262349,1.844689
764,0.450001,2.355096,1.844689
765,0.530000,2.308604,1.844689
766,0.609999,2.282774,1.844689
767,0.689998,2.167940,1.844689
768,0.769997,2.044959,1.844689
769,0.849996,2.124086,1.855711
770,0.929995,1.932518,1.855711
771,1.009994,1.993615,1.855711
772,1.089993,2.209861,1.855711
773,1.169992,2.010743,1.855711
774,1.249991,2.004438,1.855711
775,1.329990,2.278405,1.855711
776,1.409989,2.077785,1.866733
777,1.489988,2.050897,1.866733
778,1.569987,2.346064,1.866733
779,1.649986,2.255871,1.866733
780,1.729985,2.159308,1.866733
781,1.809984,2.372840,1.866733
782,1.889983,2.131336,1.877756
783,1.969982,2.078460,1.877756
784,2.049984,2.322692,1.877756
785,2.129987,2.140146,1.877756
786,2.209991,2.067706,1.877756
787,2.289995,2.248693,1.877756
788,2.369999,2.155987,1.888778
789,2.450002,2.061418,1.888778
790,2.530006,2.167784,1.888778
791,2.610010,2.187071,1.888778
792,2.690014,2.080454,1.888778
793,2.770017,2.116338,1.888778
794,2.850021,2.260346,1.899800
795,2.930025,2.075069,1.899800
796,3.010029,2.083573,1.899800
797,3.090032,2.335221,1.899800
798,3.170036,2.102675,1.899800
799,3.250040,2.076034,1.899800
800,3.330044,2.330043,1.899800
801,3.410047,2.097132,1.910822
802,3.490051,2.052883,1.910822
803,3.570055,2.340706,1.910822
804,3.650059,2.118813,1.910822
805,3.730062,2.070205,1.910822
806,3.810066,2.342607,1.910822
807,3.890070,2.127986,1.921844
808,3.970073,2.097734,1.921844
809,4.050071,2.341089,1.921844
810,4.130065,2.179096,1.921844
811,4.210060,2.098334,1.921844
812,4.290054,2.273466,1.921844
813,4.370048,2.187876,1.932866
814,4.450042,2.109813,1.932866
815,4.530036,2.196654,1.932866
816,4.610031,2.243825,1.932866
817,4.690025,2.098527,1.932866
818,4.770019,2.156568,1.932866
819,4.850013,2.306241,1.943888
820,4.930007,2.119542,1.943888
821,5.010002,2.119548,1.943888
822,5.089996,2.365540,1.943888
823,5.169990,2.135098,1.943888
824,5.249984,2.099935,1.943888
825,5.329978,2.410852,1.943888
826,5.409973,2.138516,1.954910
827,5.489967,2.099412,1.954910
828,5.569961,2.388279,1.954910
829,5.649955,2.164070,1.954910
830,5.729949,2.108649,1.954910
831,5.809944,2.398209,1.954910
832,5.889938,2.171436,1.965932
833,5.969932,2.147072,1.965932
834,6.049926,2.369474,1.965932
835,6.129920,2.209003,1.965932
836,6.209915,2.152182,1.965932
837,6.289909,2.315304,1.965932
838,6.369903,2.238616,1.976954
839,6.449897,2.151565,1.976954
840,6.529891,2.240526,1.976954
841,6.609886,2.292637,1.976954
842,6.689880,2.170898,1.976954
843,6.769874,2.201407,1.976954
844,6.849868,2.364635,1.987976
845,6.929862,2.152547,1.987976
846,7.009857,2.166385,1.987976
847,7.089851,2.424441,1.987976
848,7.169845,2.160816,1.987976
849,7.249839,2.133210,1.987976
850,7.329834,2.410360,1.987976
851,7.409828,2.160423,1.998998
852,7.489822,2.126918,1.998998
853,7.569816,2.424546,1.998998
854,0.000000,0.018413,1.998998
855,0.080000,0.751692,1.998998
856,0.160000,0.924478,1.998998
857,0.240000,1.777575,2.010020
858,0.320000,1.869259,2.010020
859,0.400000,1.984386,2.010020
860,0.480001,2.127469,2.010020
861,0.560000,2.214093,2.010020
862,0.639999,2.084698,2.010020
863,0.719998,2.072268,2.021042
864,0.799997,2.348970,2.021042
865,0.879996,2.150510,2.021042
866,0.959995,2.141294,2.021042
867,1.039994,2.440003,2.021042
868,1.119993,2.186053,2.021042
869,1.199992,2.157199,2.032064
870,1.279991,2.442243,2.032064
871,1.359990,2.219729,2.032064
872,1.439989,2.158468,2.032064
873,1.519988,2.442241,2.032064
874,1.599987,2.214801,2.032064
875,1.679986,2.198356,2.032064
876,1.759984,2.421986,2.043086
877,1.839983,2.251398,2.043086
878,1.919982,2.189236,2.043086
879,1.999981,2.354169,2.043086
880,2.079985,2.266278,2.043086
881,2.159989,2.198973,2.043086
882,2.239993,2.274199,2.054108
883,2.319996,2.327140,2.054108
884,2.400000,2.211271,2.054108
885,2.480004,2.244473,2.054108
886,2.560008,2.392129,2.054108
887,2.640011,2.197393,2.054108
888,2.720015,2.212417,2.065130
889,2.800019,2.462513,2.065130
890,2.880023,2.198461,2.065130
891,2.960026,2.186612,2.065130
892,3.040030,2.454781,2.065130
893,3.120034,2.213802,2.065130
894,3.200037,2.184221,2.076152
895,3.280041,2.473648,2.076152
896,3.360045,2.234987,2.076152
897,3.440049,2.199647,2.076152
898,3.520052,2.475725,2.076152
899,3.600056,2.252056,2.076152
900,3.680060,2.213890,2.076152
901,3.760064,2.456937,2.087174
902,3.840067,2.284746,2.087174
903,3.920071,2.227344,2.087174
904,4.000075,2.373243,2.087174
905,4.080069,2.304662,2.087174
906,4.160063,2.227323,2.087174
907,4.240057,2.324987,2.098197
908,4.320052,2.360575,2.098197
909,4.400046,2.226377,2.098197
910,4.480040,2.250942,2.098197
911,4.560034,2.409236,2.098197
912,4.640028,2.251839,2.098197
913,4.720023,2.273338,2.109219
914,4.800017,2.511920,2.109219
915,4.880011,2.261066,2.109219
916,4.960005,2.216847,2.109219
917,5.039999,2.481539,2.109219
918,5.119994,2.228600,2.109219
919,5.199988,2.224297,2.120240
920,5.279982,2.511790,2.120240
921,5.359976,2.269274,2.120240
922,5.439970,2.212224,2.120240
923,5.519965,2.504372,2.120240
924,5.599959,2.276970,2.120240
925,5.679953,2.257004,2.120240
926,5.759947,2.496645,2.131263
927,5.839942,2.332542,2.131263
928,5.919936,2.284237,2.131263
929,5.999930,2.441066,2.131263
930,6.079924,2.356599,2.131263
931,6.159918,2.251064,2.131263
932,6.239913,2.341069,2.142285
933,6.319907,2.394856,2.142285
934,6.399901,2.251215,2.142285
935,6.479895,2.299587,2.142285
936,6.559889,2.465880,2.142285
937,6.639884,2.261531,2.142285
938,6.719878,2.283235,2.153307
939,6.799872,2.545882,2.153307
940,6.879866,2.266774,2.153307
941,6.959860,2.243643,2.153307
942,7.039855,2.526136,2.153307
943,7.119849,2.278613,2.153307
944,7.199843,2.252313,2.164329
945,7.279837,2.541415,2.164329
946,7.359831,2.300261,2.164329
947,7.439826,2.249132,2.164329
948,7.519820,2.525643,2.164329
949,7.599814,2.303112,2.164329
950,0.070000,0.719408,2.164329
951,0.150000,1.072522,2.175351
952,0.230000,1.735607,2.175351
953,0.310000,1.675452,2.175351
954,0.390000,1.917099,2.175351
955,0.470001,2.281554,2.175351
956,0.550000,2.066031,2.175351
957,0.629999,2.136072,2.186373
958,0.709998,2.298933,2.186373
959,0.789997,2.322146,2.186373
960,0.869996,2.320592,2.186373
961,0.949995,2.379011,2.186373
962,1.029994,2.437953,2.186373
963,1.109993,2.270251,2.197395
964,1.189992,2.339635,2.197395
965,1.269991,2.458379,2.197395
966,1.349990,2.271648,2.197395
967,1.429989,2.294915,2.197395
968,1.509988,2.529211,2.197395
969,1.589987,2.294230,2.208417
970,1.669986,2.282063,2.208417
971,1.749985,2.543253,2.208417
972,1.829984,2.301388,2.208417
973,1.909983,2.274379,2.208417
974,1.989982,2.550724,2.208417
975,2.069985,2.311503,2.208417
976,2.149988,2.286613,2.219439
977,2.229992,2.557966,2.219439
978,2.309996,2.338233,2.219439
979,2.390000,2.309928,2.219439
980,2.470003,2.544264,2.219439
981,2.550007,2.366440,2.219439
982,2.630011,2.316227,2.230461
983,2.710015,2.479364,2.230461
984,2.790018,2.397226,2.230461
985,2.870022,2.321753,2.230461
986,2.950026,2.408047,2.230461
987,3.030030,2.440194,2.230461
988,3.110033,2.307367,2.241483
989,3.190037,2.356599,2.241483
990,3.270041,2.500085,2.241483
991,3.350044,2.311320,2.241483
992,3.430048,2.327098,2.241483
993,3.510052,2.570216,2.241483
994,3.590056,2.326785,2.252505
995,3.670059,2.321252,2.252505
996,3.750063,2.576739,2.252505
997,3.830067,2.323595,2.252505
998,3.910071,2.300823,2.252505
999,3.990074,2.581699,2.252505
1000,4.070070,2.342476,2.252505
1001,4.150064,2.312510,2.263527
1002,4.230058,2.586781,2.263527
1003,4.310052,2.361369,2.263527
1004,4.390047,2.345133,2.263527
1005,4.470041,2.579392,2.263527
1006,4.550035,2.405793,2.263527
1007,4.630029,2.336685,2.274549
1008,4.710023,2.512886,2.274549
1009,4.790018,2.427859,2.274549
1010,4.870012,2.338450,2.274549
1011,4.950006,2.419501,2.274549
1012,5.030000,2.468164,2.274549
1013,5.109994,2.331405,2.285571
1014,5.189989,2.385527,2.285571
1015,5.269983,2.531258,2.285571
1016,5.349977,2.335355,2.285571
1017,5.429971,2.360572,2.285571
1018,5.509965,2.600715,2.285571
1019,5.589960,2.354923,2.296593
1020,5.669954,2.354249,2.296593
1021,5.749948,2.614509,2.296593
1022,5.829942,2.360943,2.296593
1023,5.909936,2.346059,2.296593
1024,5.989931,2.624634,2.296593
1025,6.069925,2.375033,2.296593
1026,6.149919,2.340889,2.307615
1027,6.229913,2.616569,2.307615
1028,6.309907,2.393158,2.307615
1029,6.389902,2.380280,2.307615
1030,6.469896,2.606691,2.307615
1031,6.549890,2.440331,2.307615
1032,6.629884,2.351079,2.318637
1033,6.709878,2.535729,2.318637
1034,6.789873,2.458312,2.318637
1035,6.869867,2.383502,2.318637
1036,6.949861,2.459350,2.318637
1037,7.029855,2.506896,2.318637
1038,7.109849,2.367267,2.329659
1039,7.189844,2.436562,2.329659
1040,7.269838,2.575582,2.329659
1041,7.349832,2.378240,2.329659
1042,7.429826,2.408565,2.329659
1043,7.509820,2.643702,2.329659
1044,0.020000,0.798382,2.340682
1045,0.100000,0.906000,2.340682
1046,0.180000,1.172215,2.340682
1047,0.260000,1.917307,2.340682
1048,0.340000,1.792821,2.340682
1049,0.420000,2.035774,2.340682
1050,0.500001,2.325711,2.340682
1051,0.580000,2.155007,2.351703
1052,0.659999,2.224973,2.351703
1053,0.739998,2.526753,2.351703
1054,0.819997,2.361294,2.351703
1055,0.899996,2.374764,2.351703
1056,0.979994,2.624813,2.351703
1057,1.059994,2.485377,2.362725
1058,1.139992,2.388016,2.362725
1059,1.219991,2.547702,2.362725
1060,1.299990,2.496347,2.362725
1061,1.379989,2.428819,2.362725
1062,1.459988,2.497531,2.362725
1063,1.539987,2.559088,2.373748
1064,1.619986,2.403840,2.373748
1065,1.699985,2.469893,2.373748
1066,1.779984,2.597665,2.373748
1067,1.859983,2.388151,2.373748
1068,1.939982,2.421921,2.373748
1069,2.019982,2.676196,2.384769
1070,2.099986,2.397017,2.384769
1071,2.179990,2.404015,2.384769
1072,2.259994,2.656959,2.384769
1073,2.339997,2.402657,2.384769
1074,2.420001,2.394117,2.384769
1075,2.500005,2.665047,2.384769
1076,2.580009,2.426280,2.395792
1077,2.660012,2.412356,2.395792
1078,2.740016,2.668267,2.395792
1079,2.820020,2.453979,2.395792
1080,2.900023,2.412187,2.395792
1081,2.980027,2.649709,2.395792
1082,3.060031,2.496593,2.406814
1083,3.140035,2.425930,2.406814
1084,3.220038,2.584988,2.406814
1085,3.300042,2.522014,2.406814
1086,3.380046,2.428345,2.406814
1087,3.460050,2.519539,2.406814
1088,3.540053,2.577534,2.417836
1089,3.620057,2.414475,2.417836
1090,3.700061,2.470774,2.417836
1091,3.780065,2.629753,2.417836
1092,3.860068,2.405453,2.417836
1093,3.940072,2.446695,2.417836
1094,4.020073,2.714536,2.428858
1095,4.100068,2.408104,2.428858
1096,4.180062,2.433006,2.428858
1097,4.260056,2.694161,2.428858
1098,4.340050,2.439591,2.428858
1099,4.420044,2.429737,2.428858
1100,4.500039,2.703577,2.428858
1101,4.580033,2.456810,2.439880
1102,4.660027,2.460390,2.439880
1103,4.740021,2.711611,2.439880
1104,4.820015,2.491416,2.439880
1105,4.900010,2.457565,2.439880
1106,4.980004,2.690661,2.439880
1107,5.059998,2.547264,2.450902
1108,5.139992,2.472392,2.450902
1109,5.219986,2.623468,2.450902
1110,5.299981,2.573644,2.450902
1111,5.379975,2.490794,2.450902
1112,5.459969,2.566838,2.450902
1113,5.539963,2.619106,2.461924
1114,5.619957,2.463667,2.461924
1115,5.699952,2.527877,2.461924
1116,5.779946,2.678530,2.461924
1117,5.859940,2.490182,2.461924
1118,5.939934,2.507321,2.461924
1119,6.019928,2.761197,2.472946
1120,6.099923,2.472564,2.472946
1121,6.179917,2.502565,2.472946
1122,6.259911,2.742214,2.472946
1123,6.339905,2.476077,2.472946
1124,6.419899,2.517023,2.472946
1125,6.499894,2.742642,2.472946
1126,6.579888,2.490163,2.483968
1127,6.659882,2.490632,2.483968
1128,6.739876,2.725833,2.483968
1129,6.819870,2.517254,2.483968
1130,6.899865,2.499514,2.483968
1131,6.979859,2.705110,2.483968
1132,7.059853,2.571773,2.494990
1133,7.139847,2.494739,2.494990
1134,7.219841,2.642701,2.494990
1135,7.299836,2.587684,2.494990
1136,7.379830,2.510148,2.494990
1137,7.459824,2.604554,2.494990
1138,7.539818,2.638110,2.506012
1139,0.040000,0.630408,2.506012
1140,0.120000,0.964859,2.506012
1141,0.200000,1.200824,2.506012
1142,0.280000,2.238103,2.506012
1143,0.360000,2.378037,2.506012
1144,0.440001,2.563859,2.517034
1145,0.520000,2.840910,2.517034
1146,0.599999,2.629271,2.517034
1147,0.679998,2.543675,2.517034
1148,0.759997,2.676183,2.517034
1149,0.839996,2.622086,2.517034
1150,0.919995,2.553817,2.517034
1151,0.999994,2.607183,2.528056
1152,1.079993,2.674048,2.528056
1153,1.159992,2.598102,2.528056
1154,1.239991,2.614010,2.528056
1155,1.319990,2.767509,2.528056
1156,1.399989,2.538710,2.528056
1157,1.479988,2.565384,2.539078
1158,1.559987,2.833534,2.539078
1159,1.639986,2.533175,2.539078
1160,1.719985,2.536333,2.539078
1161,1.799984,2.789857,2.539078
1162,1.879983,2.543609,2.539078
1163,1.959982,2.521022,2.550100
1164,2.039983,2.787535,2.550100
1165,2.119987,2.542840,2.550100
1166,2.199991,2.533144,2.550100
1167,2.279994,2.769079,2.550100
1168,2.359998,2.584521,2.550100
1169,2.440002,2.537407,2.561122
1170,2.520006,2.739275,2.561122
1171,2.600009,2.613046,2.561122
1172,2.680013,2.533684,2.561122
1173,2.760017,2.659270,2.561122
1174,2.840021,2.659918,2.561122
1175,2.920024,2.538778,2.561122
1176,3.000028,2.631712,2.572144
1177,3.080032,2.712951,2.572144
1178,3.160036,2.518254,2.572144
1179,3.240039,2.592030,2.572144
1180,3.320043,2.764549,2.572144
1181,3.400047,2.514323,2.572144
1182,3.480051,2.572506,2.583166
1183,3.560054,2.788109,2.583166
1184,3.640058,2.535599,2.583166
1185,3.720062,2.550188,2.583166
1186,3.800066,2.800435,2.583166
1187,3.880069,2.548085,2.583166
1188,3.960073,2.547084,2.594188
1189,4.040072,2.801733,2.594188
1190,4.120066,2.570851,2.594188
1191,4.200060,2.566145,2.594188
1192,4.280055,2.796084,2.594188
1193,4.360049,2.610093,2.594188
1194,4.440043,2.604991,2.605211
1195,4.520037,2.796285,2.605211
1196,4.600031,2.667332,2.605211
1197,4.680026,2.608611,2.605211
1198,4.760020,2.725244,2.605211
1199,4.840014,2.693545,2.605211
1200,4.920008,2.571604,2.605211
1201,5.000002,2.660130,2.616232
1202,5.079997,2.739230,2.616232
1203,5.159991,2.558005,2.616232
1204,5.239985,2.624684,2.616232
1205,5.319979,2.805291,2.616232
1206,5.399973,2.547202,2.616232
1207,5.479968,2.591424,2.627254
1208,5.559962,2.830177,2.627254
1209,5.639956,2.570930,2.627254
1210,5.719950,2.604354,2.627254
1211,5.799944,2.851023,2.627254
1212,5.879939,2.587287,2.627254
1213,5.959933,2.602475,2.638277
1214,6.039927,2.845146,2.638277
1215,6.119921,2.613909,2.638277
1216,6.199915,2.603639,2.638277
1217,6.279910,2.823380,2.638277
1218,6.359904,2.638729,2.638277
1219,6.439898,2.596039,2.649298
1220,6.519892,2.801510,2.649298
1221,6.599886,2.686198,2.649298
1222,6.679881,2.637919,2.649298
1223,6.759875,2.728548,2.649298
1224,6.839869,2.719231,2.649298
1225,6.919863,2.618907,2.649298
1226,6.999857,2.718895,2.660321
1227,7.079852,2.790911,2.660321
1228,7.159846,2.606507,2.660321
1229,7.239840,2.689074,2.660321
1230,7.319834,2.851642,2.660321
1231,7.399828,2.609616,2.660321
1232,7.479823,2.653037,2.671343
1233,7.559817,2.869704,2.671343
1234,0.020000,0.829761,2.671343
1235,0.100000,0.939785,2.671343
1236,0.180000,1.307236,2.671343
1237,0.260000,1.182601,2.671343
1238,0.340000,1.291951,2.682365
1239,0.420000,1.613724,2.682365
1240,0.500001,1.794338,2.682365
1241,0.580000,1.954134,2.682365
1242,0.659999,2.310599,2.682365
1243,0.739998,2.425662,2.682365
1244,0.819997,2.512489,2.693387
1245,0.899996,2.627047,2.693387
1246,0.979994,2.680282,2.693387
1247,1.059994,2.577410,2.693387
1248,1.139992,2.690808,2.693387
1249,1.219991,2.818728,2.693387
